{"cameraMode":{"drawMode":0,"name":"Shaded","section":"Shading Mode"},"sceneLighting":true,"audioPlay":false,"sceneViewState":{"m_AlwaysRefresh":false,"showFog":true,"showSkybox":true,"showFlares":true,"showImageEffects":true,"showParticleSystems":true,"showVisualEffectGraphs":true,"m_FxEnabled":true},"in2DMode":false,"pivot":{"x":-0.24170851707458497,"y":6.484189987182617,"z":-10.94289779663086},"rotation":{"x":-0.43833890557289126,"y":-0.02073497697710991,"z":0.01017957367002964,"w":-0.898443877696991},"size":18.359270095825197,"orthographic":false}