{"cameraMode":{"drawMode":0,"name":"Shaded","section":"Shading Mode"},"sceneLighting":true,"audioPlay":false,"sceneViewState":{"m_AlwaysRefresh":false,"showFog":true,"showSkybox":true,"showFlares":true,"showImageEffects":true,"showParticleSystems":true,"showVisualEffectGraphs":true,"m_FxEnabled":true},"in2DMode":false,"pivot":{"x":557.8236694335938,"y":-367.15301513671877,"z":11.78841781616211},"rotation":{"x":0.21920807659626008,"y":0.6564235687255859,"z":-0.20877264440059663,"w":0.6909301280975342},"size":359.42877197265627,"orthographic":false}